symbol,year,total_return,annual_return,benchmark_return,excess_return,max_drawdown,buy_signals,sell_signals,total_trades,profitable_trades,win_rate,profit_loss_ratio,avg_win,avg_loss,data_days,start_date,end_date
ADA_USDT,2023,,,,,-0.13692883895131103,5,195,4,0,0.0,0.0,0.0,0.02952049880279986,335,2023-01-31,2023-12-31
ALGO_USDT,2023,,,,,-0.15537303216974685,4,213,3,0,0.0,0.0,0.0,0.029864071365894185,335,2023-01-31,2023-12-31
APT_USDT,2023,,,,,-0.21264518765342444,6,247,5,2,0.4,0.8260673680828029,0.06284824241394793,0.07608125540633652,335,2023-01-31,2023-12-31
ATOM_USDT,2023,,,,,-0.14959568733153628,4,241,4,2,0.5,5.44233393676672,0.07309324358898162,0.013430495893533165,335,2023-01-31,2023-12-31
AVAX_USDT,2023,,,,,-0.1998754669987548,5,210,4,0,0.0,0.0,0.0,0.039105244799603,335,2023-01-31,2023-12-31
BCH_USDT,2023,,,,,-0.296026365953321,8,211,7,1,0.14285714285714285,17.979179281501352,0.8277153558052435,0.04603743824151494,335,2023-01-31,2023-12-31
BNB_USDT,2023,,,,,-0.23507486391306376,5,227,5,0,0.0,0.0,0.0,0.04752533391854535,335,2023-01-31,2023-12-31
BTC_USDT,2023,,,,,-0.09441066160144773,5,150,5,2,0.4,1.4664575249597938,0.033194021199112286,0.0226355149290958,335,2023-01-31,2023-12-31
DOGE_USDT,2023,,,,,-0.16954056243490345,2,208,2,2,1.0,0.0,0.05416154945194964,0.0,335,2023-01-31,2023-12-31
DOT_USDT,2023,,,,,-0.18516961136716692,3,215,3,1,0.3333333333333333,1.862680483914147,0.1473783656117146,0.0791216566042614,335,2023-01-31,2023-12-31
ETC_USDT,2023,,,,,-0.22152645124041082,6,214,6,1,0.16666666666666666,2.1426168433483004,0.1018913971934105,0.047554651457972885,335,2023-01-31,2023-12-31
ETH_USDT,2023,,,,,-0.2072175278819095,6,173,5,1,0.2,1.0597016559095458,0.03824381696879838,0.036089230167309284,335,2023-01-31,2023-12-31
FIL_USDT,2023,,,,,-0.28977148573452527,6,211,6,3,0.5,0.4737050840101088,0.0497571893870087,0.10503832672808487,335,2023-01-31,2023-12-31
FLOW_USDT,2023,,,,,-0.2758773485884224,6,212,5,1,0.2,0.23187054226667286,0.015801354401805884,0.06814731292443714,335,2023-01-31,2023-12-31
HBAR_USDT,2023,,,,,-0.1905408693978956,4,180,4,3,0.75,2.6435378207047764,0.09402460101001958,0.0355677154582764,335,2023-01-31,2023-12-31
ICP_USDT,2023,,,,,-0.26872978440060047,6,207,6,2,0.3333333333333333,2.402125745094783,0.1592489116517285,0.06629499391400297,335,2023-01-31,2023-12-31
LINK_USDT,2023,,,,,-0.20796890167806859,6,169,6,3,0.5,2.347611803021459,0.18533830751844402,0.07894759571403887,335,2023-01-31,2023-12-31
LTC_USDT,2023,,,,,-0.1016139823047324,6,214,6,1,0.16666666666666666,1.0791923014917786,0.01673701062436335,0.015508830633083285,335,2023-01-31,2023-12-31
MANA_USDT,2023,,,,,-0.19961693977442008,5,223,5,3,0.6,0.5933479302368787,0.028207792999767667,0.04754005459917327,335,2023-01-31,2023-12-31
NEAR_USDT,2023,,,,,-0.1583352708672403,5,230,4,2,0.5,0.4477157756912511,0.02274373460814138,0.05079949343537465,335,2023-01-31,2023-12-31
SAND_USDT,2023,,,,,-0.17123442808607026,6,224,6,2,0.3333333333333333,2.1482544948168525,0.07663656892342044,0.035673878075583414,335,2023-01-31,2023-12-31
SHIB_USDT,2023,,,,,-0.14851485148514854,3,201,2,0,0.0,0.0,0.0,0.010126582278481022,335,2023-01-31,2023-12-31
SOL_USDT,2023,,,,,-0.27855184090869,5,184,5,0,0.0,0.0,0.0,0.06262532705153166,335,2023-01-31,2023-12-31
SUI_USDT,2023,,,,,-0.021482122260669034,2,156,2,1,0.5,1.038565030399258,0.022310580958692285,0.02148212226066901,213,2023-06-02,2023-12-31
TRX_USDT,2023,,,,,-0.16167540107051115,5,126,5,2,0.4,2.359541993461354,0.02993388355911941,0.012686311005301326,335,2023-01-31,2023-12-31
UNI_USDT,2023,,,,,-0.21358421619408696,6,207,5,1,0.2,2.4186316561240258,0.11562559331687867,0.04780620191756453,335,2023-01-31,2023-12-31
VET_USDT,2023,,,,,-0.15431828145550175,5,185,5,2,0.4,2.560580811293697,0.04080840609670716,0.015937167816269502,335,2023-01-31,2023-12-31
XRP_USDT,2023,,,,,-0.314227493082619,4,219,4,3,0.75,0.22134194919645628,0.048785904906909344,0.22040966515393104,335,2023-01-31,2023-12-31
DOGE_USDT,2024,3.2525217817486345,3.235736479702484,2.4351559952168755,0.817365786531759,-0.4390117221041745,4,202,4,2,0.5,13.515767261323134,1.4825239358579327,0.10968847770117642,366,2024-01-01,2024-12-31
HBAR_USDT,2024,3.1650854311204846,3.148880750278047,1.9398907103825147,1.2251947207379699,-0.30901322592935254,5,251,5,3,0.6,18.612059065529344,1.1271006136593136,0.06055754549730459,366,2024-01-01,2024-12-31
XRP_USDT,2024,2.43555313152586,2.423987713529919,2.310454401016846,0.1250987305090141,-0.20869884382455484,6,241,6,5,0.8333333333333334,5.54182961285628,0.5405029744974621,0.09753150353875366,366,2024-01-01,2024-12-31
SUI_USDT,2024,1.6972060752414322,1.6899039223922658,3.88563640673145,-2.188430331490018,-0.2623917528914189,6,173,6,3,0.5,11.258597669539764,0.49609555758837914,0.04406370776802604,366,2024-01-01,2024-12-31
ALGO_USDT,2024,1.2667626404325834,1.2616999657146013,0.4013405948889823,0.865422045543601,-0.2783343154586524,6,263,0,0,0.0,0.0,0.0,0.0,366,2024-01-01,2024-12-31
UNI_USDT,2024,0.9183007509973866,0.9148894233182634,0.7424999999999993,0.17580075099738735,-0.36823801056098326,5,199,0,0,0.0,0.0,0.0,0.0,366,2024-01-01,2024-12-31
ADA_USDT,2024,0.6915913972491756,0.6891635826463356,0.3560654685494202,0.3355259286997554,-0.28970984094433416,6,264,0,0,0.0,0.0,0.0,0.0,366,2024-01-01,2024-12-31
MANA_USDT,2024,0.6571776998683416,0.6548922092199885,-0.13406267383645365,0.7912403737047953,-0.4432642271762266,7,242,7,3,0.42857142857142855,5.047449634066404,0.31979319467764994,0.06335738201710657,366,2024-01-01,2024-12-31
BNB_USDT,2024,0.6311216843807175,0.6289426615795979,1.2401913875598107,-0.6090697031790933,-0.24264424603279755,8,151,8,4,0.5,8.64405257392864,0.18810265194619508,0.021760933351276948,366,2024-01-01,2024-12-31
SAND_USDT,2024,0.6120884813143848,0.6099865155107782,-0.0954116282922004,0.7075001096065852,-0.3485286249331191,8,266,8,4,0.5,4.272778976757994,0.2619360974690256,0.061303451195074854,366,2024-01-01,2024-12-31
LINK_USDT,2024,0.5517596598326271,0.5498978623686404,0.2869822485207085,0.26477741131191856,-0.2436773752563226,8,227,8,3,0.375,6.511622490418907,0.30056109982223783,0.046157635867938966,366,2024-01-01,2024-12-31
VET_USDT,2024,0.5449678391161508,0.5431326845747053,0.18030095759233933,0.36466688152381144,-0.3540436456996149,5,275,5,2,0.4,6.8880525554834655,0.4404276007988492,0.0639408014458647,366,2024-01-01,2024-12-31
FIL_USDT,2024,0.45772317562563924,0.45622290852439407,-0.345620293301625,0.8033434689272643,-0.23246319435853036,6,262,6,4,0.6666666666666666,2.924756075100191,0.13670772681664362,0.046741582308521414,366,2024-01-01,2024-12-31
ATOM_USDT,2024,0.443491364486724,0.4420443995417258,-0.44737077046692186,0.8908621349536459,-0.23592802848070815,5,274,5,3,0.6,3.985714135977204,0.1882278182361626,0.04722561925280011,366,2024-01-01,2024-12-31
BTC_USDT,2024,0.3532501046780645,0.3521320679198954,1.1180840456727177,-0.7648339409946532,-0.14087216540595204,6,172,6,4,0.6666666666666666,2.6077464293112755,0.11883692604095704,0.04557073675002317,366,2024-01-01,2024-12-31
DOT_USDT,2024,0.26558683319664134,0.2647726385090896,-0.22710878417684843,0.49269561737348977,-0.31132829797840134,8,264,8,3,0.375,4.2666210742855295,0.1820791884491527,0.04267526580846951,366,2024-01-01,2024-12-31
FLOW_USDT,2024,0.2043238967218144,0.2037122873621342,-0.26939203354297747,0.47371593026479186,-0.2534864643150122,5,250,0,0,0.0,0.0,0.0,0.0,366,2024-01-01,2024-12-31
ETH_USDT,2024,0.10540739773702779,0.10510476910250355,0.4191000153058613,-0.3136926175688335,-0.1383936674829086,6,232,0,0,0.0,0.0,0.0,0.0,366,2024-01-01,2024-12-31
TRX_USDT,2024,0.053021288617101314,0.05287265781580652,1.3653917564054985,-1.3123704677883972,-0.11177884615384637,4,152,4,3,0.75,4.283945560919145,0.018991063015157576,0.004433077578857686,366,2024-01-01,2024-12-31
SHIB_USDT,2024,0.036140047524190866,0.036039545920263816,0.9831460674157286,-0.9470060198915378,-0.21879841948341638,6,233,0,0,0.0,0.0,0.0,0.0,366,2024-01-01,2024-12-31
BCH_USDT,2024,0.015919882715986988,0.015876042304328264,0.6224794622852872,-0.6065595795693002,-0.35590602845913033,5,217,0,0,0.0,0.0,0.0,0.0,366,2024-01-01,2024-12-31
ETC_USDT,2024,-0.04035291076272873,-0.04024490590369534,0.11377777777777909,-0.15413068854050782,-0.36670441846355695,8,234,8,4,0.5,1.082495316532943,0.1036496704193275,0.09575068717276357,366,2024-01-01,2024-12-31
NEAR_USDT,2024,-0.0659929834060311,-0.06581874338597082,0.2949393779652061,-0.3609323613712372,-0.30823324531615937,6,211,0,0,0.0,0.0,0.0,0.0,366,2024-01-01,2024-12-31
SOL_USDT,2024,-0.06705917652822513,-0.0668822234273293,0.7224092439268481,-0.7894684204550733,-0.21006893415535477,5,191,5,2,0.4,0.07107058255449815,0.0016953400419581661,0.023854314697056973,366,2024-01-01,2024-12-31
APT_USDT,2024,-0.08238641462637053,-0.08217082806470322,-0.1234690899576324,0.041082675331261864,-0.22890737572356679,9,212,0,0,0.0,0.0,0.0,0.0,366,2024-01-01,2024-12-31
LTC_USDT,2024,-0.1095045575497523,-0.10922233455301089,0.38222698072805184,-0.49173153827780414,-0.3911988105872508,8,216,8,3,0.375,1.5309082371167755,0.12466203040784708,0.08143011278234963,366,2024-01-01,2024-12-31
AVAX_USDT,2024,-0.14821023040102455,-0.14783681439656937,-0.14854554124940456,0.00033531084838001046,-0.3785797403182789,7,220,0,0,0.0,0.0,0.0,0.0,366,2024-01-01,2024-12-31
ICP_USDT,2024,-0.5501490150603879,-0.5491660890468363,-0.23600803957947025,-0.3141409754809177,-0.5710082461781014,7,229,7,0,0.0,0.0,0.0,0.10547748477194878,366,2024-01-01,2024-12-31
TON_USDT,2024,,,,,-0.16212296983758712,2,80,2,2,1.0,0.0,0.05317120368459223,0.0,116,2024-09-07,2024-12-31
ETH_USDT,2025,0.4933876264917889,0.4933876264917889,-0.11568334533594404,0.609070971827733,-0.1418545890973406,6,256,6,3,0.5,5.386986574425544,0.23614866908022825,0.043836877225819075,365,2025-01-01,2025-12-31
XRP_USDT,2025,0.17835257073002664,0.17835257073002664,-0.21026234567901225,0.3886149164090389,-0.24280372753665636,5,271,5,2,0.4,5.173399426434707,0.13434479865685628,0.025968379315617848,365,2025-01-01,2025-12-31
AVAX_USDT,2025,0.0961775110569183,0.0961775110569183,-0.6739015352038112,0.7700790462607295,-0.18613242398408614,5,263,5,2,0.4,3.5943258898020756,0.09500652163411218,0.026432361601842338,365,2025-01-01,2025-12-31
TRX_USDT,2025,0.06835933710642039,0.06835933710642039,0.11176240719031005,-0.04340307008388966,-0.09688625953307894,7,219,7,2,0.2857142857142857,4.349746909514781,0.09886901361499294,0.022729831337709228,365,2025-01-01,2025-12-31
BCH_USDT,2025,0.04092180536704304,0.04092180536704304,0.33074361820199805,-0.289821812834955,-0.1749367088607593,6,183,6,4,0.6666666666666666,0.6975125911169736,0.0717751389258441,0.10290156742676969,365,2025-01-01,2025-12-31
TON_USDT,2025,0.02979374890352049,0.02979374890352049,-0.6992385786802031,0.7290323275837236,-0.04323130325023661,5,308,5,4,0.8,0.4294766541726963,0.018566835475436857,0.04323130325023667,365,2025-01-01,2025-12-31
BTC_USDT,2025,0.018930685706585182,0.018930685706585182,-0.07340563065779826,0.09233631636438344,-0.20741168836162338,8,237,8,3,0.375,2.0821076066412094,0.0815653485195364,0.03917441551021229,365,2025-01-01,2025-12-31
FLOW_USDT,2025,0.018029850746268616,0.018029850746268616,-0.8832417582417582,0.9012716089880268,0.0,2,309,2,2,1.0,0.0,0.008975124378109461,0.0,365,2025-01-01,2025-12-31
VET_USDT,2025,-0.0074704700359595755,-0.0074704700359595755,-0.7764201500535906,0.768949680017631,-0.0842385569628995,3,311,3,1,0.3333333333333333,1.9641262813992757,0.08382978723404254,0.04268044678589649,365,2025-01-01,2025-12-31
SUI_USDT,2025,-0.022370078724466724,-0.022370078724466724,-0.6722524330758286,0.6498823543513619,-0.15830667887100836,5,283,5,2,0.4,1.5024585230968817,0.10364375121822601,0.0689827703227338,365,2025-01-01,2025-12-31
DOGE_USDT,2025,-0.03918746195563905,-0.03918746195563905,-0.6386983668071231,0.5995109048514841,-0.18069666182873756,4,278,4,2,0.5,0.45845239053186165,0.01618520772969777,0.035304009890581925,365,2025-01-01,2025-12-31
DOT_USDT,2025,-0.04672353243377192,-0.04672353243377192,-0.7462771238122248,0.6995535913784529,-0.10941981028016756,4,298,4,2,0.5,0.11055220293205596,0.0028976547664840853,0.026210737458257152,365,2025-01-01,2025-12-31
ALGO_USDT,2025,-0.0643565416150238,-0.0643565416150238,-0.7068965517241381,0.6425400101091143,-0.12809347820046135,4,304,4,2,0.5,0.555128101540192,0.03653152308746212,0.06580737488537533,365,2025-01-01,2025-12-31
BNB_USDT,2025,-0.06580054247624767,-0.06580054247624767,0.22103865280289425,-0.2868391952791419,-0.06580054247624767,5,221,5,0,0.0,0.0,0.0,0.01348111660589423,365,2025-01-01,2025-12-31
ATOM_USDT,2025,-0.06642641328535603,-0.06642641328535603,-0.705208492439285,0.6387820791539289,-0.17815328888926119,6,311,6,2,0.3333333333333333,1.280334672433399,0.05456846215749127,0.04262046739215354,365,2025-01-01,2025-12-31
HBAR_USDT,2025,-0.08228059770332075,-0.08228059770332075,-0.6393147896879241,0.5570341919846034,-0.09891013777503599,6,292,6,3,0.5,0.5832397199271669,0.03546279480301527,0.06080312021177801,365,2025-01-01,2025-12-31
SAND_USDT,2025,-0.09219229964381304,-0.09219229964381304,-0.8107167710508006,0.7185244714069876,-0.16971358927483227,3,307,3,2,0.6666666666666666,0.05993183075731939,0.006192364217768437,0.10332346166502133,365,2025-01-01,2025-12-31
MANA_USDT,2025,-0.09404858295413487,-0.09404858295413487,-0.7554840008049903,0.6614354178508555,-0.38927078804368276,4,286,4,2,0.5,0.8866337568520536,0.1267732579757567,0.14298266561140022,365,2025-01-01,2025-12-31
SHIB_USDT,2025,-0.10514339407373796,-0.10514339407373796,-0.6815668202764973,0.5764234262027593,-0.23450171502787232,4,304,4,1,0.25,0.7924977442328143,0.03770848440899203,0.04758181923343658,365,2025-01-01,2025-12-31
ICP_USDT,2025,-0.11103775675428518,-0.11103775675428518,-0.7294800990287564,0.6184423422744713,-0.2694018739247098,5,303,5,3,0.6,0.4534810860500663,0.06084283116230448,0.13416839871373856,365,2025-01-01,2025-12-31
SOL_USDT,2025,-0.13238316921982773,-0.13238316921982773,-0.35840024706609075,0.22601707784626301,-0.2217021470613496,3,237,3,1,0.3333333333333333,1.2190040546089322,0.165323783945091,0.13562201316723954,365,2025-01-01,2025-12-31
ETC_USDT,2025,-0.17203274915319822,-0.17203274915319822,-0.5552111584657102,0.383178409312512,-0.17203274915319822,4,303,4,1,0.25,0.6332854621774169,0.046998867497168646,0.07421434772175738,365,2025-01-01,2025-12-31
FIL_USDT,2025,-0.18013027375974744,-0.18013027375974744,-0.7465338801015429,0.5664036063417954,-0.18013027375974744,6,313,6,2,0.3333333333333333,0.22524311193072755,0.011868710562656017,0.05269289018838535,365,2025-01-01,2025-12-31
LINK_USDT,2025,-0.18959295262196774,-0.18959295262196774,-0.43810400368154645,0.2485110510595787,-0.23760356885208744,7,270,7,2,0.2857142857142857,0.5721435110101047,0.029544694124249996,0.051638607369835575,365,2025-01-01,2025-12-31
LTC_USDT,2025,-0.23971928041987245,-0.23971928041987245,-0.2697643481565941,0.030045067736721665,-0.35671387189686743,7,247,7,2,0.2857142857142857,0.7739462138055473,0.054847563132716916,0.07086740932942567,365,2025-01-01,2025-12-31
ADA_USDT,2025,-0.34092066377142616,-0.34092066377142616,-0.6383647798742138,0.29744411610278765,-0.36338389543428284,5,272,5,0,0.0,0.0,0.0,0.07559297188354511,365,2025-01-01,2025-12-31
NEAR_USDT,2025,-0.36682994505659583,-0.36682994505659583,-0.7135830495648883,0.34675310450829244,-0.36682994505659583,6,292,6,1,0.16666666666666666,0.07713278632148593,0.006446991404011547,0.08358302236277038,365,2025-01-01,2025-12-31
APT_USDT,2025,-0.5036846679851363,-0.5036846679851363,-0.8160753880266074,0.31239072004147106,-0.5036846679851363,7,332,7,1,0.14285714285714285,0.13336292100929242,0.014069264069264124,0.10549607014294332,365,2025-01-01,2025-12-31
UNI_USDT,2025,-0.5195427871441396,-0.5195427871441396,-0.5861765353290775,0.06663374818493795,-0.5306544170040539,8,266,8,2,0.25,0.8573487581711006,0.1232717356709524,0.14378248582748998,365,2025-01-01,2025-12-31
NEAR_USDT,2026,0.21409017713365586,1.8328875718303905,-0.24093423478795328,0.45502441192160914,0.0,2,55,2,2,1.0,0.0,0.10461453301127224,0.0,68,2026-01-01,2026-03-09
FIL_USDT,2026,0.0640332352713795,0.3953590220826677,-0.366824005394471,0.4308572406658505,0.0,2,55,2,2,1.0,0.0,0.031686014575017386,0.0,68,2026-01-01,2026-03-09
ATOM_USDT,2026,0.041545845079876687,0.24420333829796226,-0.1575640405993235,0.19910988567920018,0.0,2,50,2,2,1.0,0.0,0.02059448695574364,0.0,68,2026-01-01,2026-03-09
ALGO_USDT,2026,0.02496328928047009,0.14150661481911353,-0.3069883527454246,0.33195164202589467,0.0,1,57,1,1,1.0,0.0,0.024963289280470004,0.0,68,2026-01-01,2026-03-09
VET_USDT,2026,0.01984126984126977,0.11121959647798585,-0.37120938628158817,0.39105065612285794,0.0,1,64,1,1,1.0,0.0,0.019841269841269858,0.0,68,2026-01-01,2026-03-09
BCH_USDT,2026,0.003022759601706948,0.016332575508759772,-0.2505057316250844,0.25352849122679133,0.0,1,55,1,1,1.0,0.0,0.0030227596017070512,0.0,68,2026-01-01,2026-03-09
SAND_USDT,2026,0.0016792611251050804,0.009046798472526207,-0.31111111111111056,0.31279037223621564,0.0,1,57,1,1,1.0,0.0,0.001679261125105002,0.0,68,2026-01-01,2026-03-09
FLOW_USDT,2026,0.0,0.0,-0.3854761904761902,0.3854761904761902,0.0,0,68,0,0,0.0,0.0,0.0,0.0,68,2026-01-01,2026-03-09
TRX_USDT,2026,0.0,0.0,-0.005224660397074921,0.005224660397074921,0.0,0,42,0,0,0.0,0.0,0.0,0.0,68,2026-01-01,2026-03-09
ICP_USDT,2026,-0.0025627068760536442,-0.013678943351486783,-0.18254497001998715,0.1799822631439335,-0.010350318471337494,2,57,2,1,0.5,0.7602721483741345,0.00786905886056025,0.010350318471337501,68,2026-01-01,2026-03-09
MANA_USDT,2026,-0.005698005698005715,-0.030206728506318448,-0.2957198443579766,0.2900218386599709,-0.005698005698005715,1,57,1,0,0.0,0.0,0.0,0.005698005698005664,68,2026-01-01,2026-03-09
LTC_USDT,2026,-0.015597286851985137,-0.08091852877002192,-0.3276228585719637,0.3120255717199786,-0.0297511720158673,2,66,2,1,0.5,0.49032999580045106,0.014587892049598693,0.029751172015867265,68,2026-01-01,2026-03-09
TON_USDT,2026,-0.016528925619834767,-0.08557776952274665,-0.21546635182998852,0.19893742621015376,-0.1222339304531086,1,51,1,0,0.0,0.0,0.0,0.016528925619834725,68,2026-01-01,2026-03-09
UNI_USDT,2026,-0.016531094200997076,-0.08558859239982386,-0.335341711137889,0.31881061693689194,-0.016531094200997076,1,59,1,0,0.0,0.0,0.0,0.01653109420099704,68,2026-01-01,2026-03-09
APT_USDT,2026,-0.021384082475583877,-0.10954903720712628,-0.4865879828326183,0.4652039003570344,-0.021384082475583877,2,55,2,0,0.0,0.0,0.0,0.01071672467273883,68,2026-01-01,2026-03-09
AVAX_USDT,2026,-0.022635976861610452,-0.1156463174220983,-0.31861662987490824,0.2959806530132978,-0.04046858359957395,2,55,2,1,0.5,0.45923780143711546,0.018584703359542515,0.040468583599574094,68,2026-01-01,2026-03-09
SOL_USDT,2026,-0.023845916756300767,-0.121506934172523,-0.33049645390070914,0.3066505371444084,-0.045848822800495515,2,55,2,1,0.5,0.5029614095603961,0.023060188542422092,0.04584882280049559,68,2026-01-01,2026-03-09
BNB_USDT,2026,-0.02390796197450873,-0.1218066101621259,-0.26579437522414706,0.24188641324963833,-0.031704869954464865,2,54,2,1,0.5,0.25397366425683576,0.008052201997121904,0.031704869954464886,68,2026-01-01,2026-03-09
ADA_USDT,2026,-0.036040674710999365,-0.1788305641827005,-0.28415147265077123,0.24811079793977187,-0.036040674710999365,2,65,2,0,0.0,0.0,0.0,0.01815674555470286,68,2026-01-01,2026-03-09
HBAR_USDT,2026,-0.04076923076923089,-0.2002217539251817,-0.17500437292286153,0.13423514215363064,-0.04086538461538458,2,61,2,1,0.5,0.0024531918030360543,0.00010025062656637716,0.040865384615384595,68,2026-01-01,2026-03-09
ETH_USDT,2026,-0.042874551548997,-0.2095988260819952,-0.3365998821645767,0.2937253306155797,-0.0637337571735358,2,54,1,0,0.0,0.0,0.0,0.042874551548997046,68,2026-01-01,2026-03-09
BTC_USDT,2026,-0.047793668549713675,-0.2311601895937484,-0.22970621924775447,0.1819125506980408,-0.047793668549713675,2,57,2,0,0.0,0.0,0.0,0.024120157451071565,68,2026-01-01,2026-03-09
LINK_USDT,2026,-0.057068421774304046,-0.2705112233392113,-0.2960317460317461,0.23896332425744204,-0.057068421774304046,2,63,2,0,0.0,0.0,0.0,0.028854152383564074,68,2026-01-01,2026-03-09
DOT_USDT,2026,-0.0657291503165387,-0.30576196407679423,-0.2526263131565777,0.186897162840039,-0.07701564380264736,2,55,2,1,0.5,0.15877632472825917,0.012228260869565076,0.07701564380264735,68,2026-01-01,2026-03-09
ETC_USDT,2026,-0.0662361325530465,-0.3077817142179885,-0.32338308457711384,0.25714695202406734,-0.0662361325530465,2,66,2,0,0.0,0.0,0.0,0.033602753742864394,68,2026-01-01,2026-03-09
DOGE_USDT,2026,-0.08329458651610744,-0.3730067350631886,-0.2865252700465194,0.20323068353041196,-0.08329458651610744,1,58,1,0,0.0,0.0,0.0,0.08329458651610758,68,2026-01-01,2026-03-09
XRP_USDT,2026,-0.15180168668540783,-0.5867629014265474,-0.2749082397999898,0.12310655311458196,-0.15180168668540783,1,56,1,0,0.0,0.0,0.0,0.15180168668540756,68,2026-01-01,2026-03-09
SHIB_USDT,2026,-0.1661272923408843,-0.622869759894521,-0.2734584450402139,0.10733115269932958,-0.1661272923408843,1,54,1,0,0.0,0.0,0.0,0.16612729234088447,68,2026-01-01,2026-03-09
SUI_USDT,2026,-0.17458813621769564,-0.6539301560215389,-0.3920249983017454,0.21743686208404978,-0.17632228583434006,1,52,1,0,0.0,0.0,0.0,0.17458813621769562,66,2026-01-01,2026-03-07
